Nume,Url,Pret
Poveste de iubire - Regis Jauffret,www.libris.ro/poveste-de-iubire-regis-jauffret-led973-102-059-4.html,3.50 Lei
How a Ghastly Story Was Brought to Light by a Common or Gard - Johann Peter Hebel,www.libris.ro/how-a-ghastly-story-was-brought-to-light-by-a-BRT9780141398020--p11943254.html,4.22 Lei
eBook Agentul Cormac - Neal Asher,www.libris.ro/ebook-agentul-cormac-neal-asher-9786067586657--p1035243.html,4.32 Lei
eBook Sapte povesti de dragoste,www.libris.ro/ebook-sapte-povesti-de-dragoste-9786067580044.html,4.32 Lei
eBook Sapte povesti de vacanta,www.libris.ro/ebook-sapte-povesti-de-vacanta-9786067580068.html,4.32 Lei
eBook Arrhetonul,www.libris.ro/ebook-arrhetonul-9786067581591.html,4.32 Lei
eBook Sunetul viorii,www.libris.ro/ebook-sunetul-viorii-9786067582864.html,4.32 Lei
eBook Hotul de merinde,www.libris.ro/ebook-hotul-de-merinde-9786067582840.html,4.32 Lei
Revista Scrisul romanesc Nr.2 din 2021,www.libris.ro/revista-scrisul-romanesc-nr-2-din-2021-SCR1583-9125-2021-2--p21801859.html,5.25 Lei
Finger - William S Burroughs,www.libris.ro/finger-william-s-burroughs-BRT9780241339077--p11018882.html,5.27 Lei
Food - Gertrude Stein,www.libris.ro/food-gertrude-stein-BRT9780241339688--p11019133.html,5.27 Lei
Six Foot Six,www.libris.ro/six-foot-six-BRT9780241317921--p10840561.html,5.27 Lei
Legend of the Sleepers,www.libris.ro/legend-of-the-sleepers-BRT9780241339374--p10837774.html,5.27 Lei
Distance of the Moon,www.libris.ro/distance-of-the-moon-BRT9780241339107--p10837787.html,5.27 Lei
Vigilante,www.libris.ro/vigilante-BRT9780241338957--p10837793.html,5.27 Lei
Madame du Deffand and the Idiots - Javier Marias,www.libris.ro/madame-du-deffand-and-the-idiots-javier-marias-BRT9780241339480--p11019349.html,5.27 Lei
Investigations of a Dog - Franz Kafka,www.libris.ro/investigations-of-a-dog-franz-kafka-BRT9780241339305--p11020997.html,5.27 Lei
Breakthrough - Daphne Du Maurier,www.libris.ro/breakthrough-daphne-du-maurier-BRT9780241339206--p11021690.html,5.27 Lei
How Much Land Does A Man Need? - Leo Tolstoy,www.libris.ro/how-much-land-does-a-man-need-leo-tolstoy-BRT9780141397740--p11022099.html,5.27 Lei
Beautifull Cassandra - Jane Austen,www.libris.ro/beautifull-cassandra-jane-austen-BRT9780141397078--p11023695.html,5.27 Lei
Miss Brill - Katherine Mansfield,www.libris.ro/miss-brill-katherine-mansfield-BRT9780141398655--p11030655.html,5.27 Lei
beautifull cassandra,www.libris.ro/beautifull-cassandra-9780141397078--p10865728.html,5.27 Lei
Red Tenda of Bologna - John Berger,www.libris.ro/red-tenda-of-bologna-john-berger-BRT9780241339015--p11022895.html,5.27 Lei
Figure in the Carpet,www.libris.ro/figure-in-the-carpet-BRT9780141397580--p10964530.html,5.27 Lei
Gate of the Hundred Sorrows,www.libris.ro/gate-of-the-hundred-sorrows-BRT9780141398068--p966067.html,5.27 Lei
Maldive Shark,www.libris.ro/maldive-shark-BRT9780141397177--p878778.html,5.27 Lei
Mrs Rosie and the Priest,www.libris.ro/mrs-rosie-and-the-priest-BRT9780141397825--p878947.html,5.27 Lei
Steel Flea,www.libris.ro/steel-flea-BRT9780141397399--p878952.html,5.27 Lei
Darkness Rising - A A Dhand,www.libris.ro/darkness-rising-a-a-dhand-BRT9780552177092--p13118490.html,5.27 Lei
Veiled Woman - Anais Nin,www.libris.ro/veiled-woman-anais-nin-BRT9780241339541--p11637065.html,5.27 Lei
"Well, They are Gone, and Here Must I Remain - Samuel Taylor Coleridge",www.libris.ro/well-they-are-gone-and-here-must-i-remain-BRT9780141397115--p12958837.html,5.27 Lei
Daydream and Drunkenness of a Young Lady - Clarice Lispector,www.libris.ro/daydream-and-drunkenness-of-a-young-lady-clarice-BRT9780241337608--p11045679.html,5.27 Lei
Donor - Clare Mackintosh,www.libris.ro/donor-clare-mackintosh-BRT9780751576504--p12978623.html,5.27 Lei
eBook Taverna de pe malul Senei - Georges Simenon,www.libris.ro/ebook-taverna-de-pe-malul-senei-georges-simenon-EPM978-973-46-3076-9--p11033300.html,6.13 Lei
eBook Maigret isi pierde cumpatul - Georges Simenon,www.libris.ro/ebook-maigret-isi-pierde-cumpatul-georges-EPM978-973-46-2635-9--p11039995.html,6.13 Lei
eBook Maigret si fantoma - Georges Simenon,www.libris.ro/ebook-maigret-si-fantoma-georges-simenon-EPM978-973-46-2326-6--p11039999.html,6.13 Lei
eBook Maigret si hotul lenes - Georges Simenon,www.libris.ro/ebook-maigret-si-hotul-lenes-georges-simenon-EPM978-973-46-2074-6--p11040002.html,6.13 Lei
eBook Maigret si informatorul - Georges Simenon,www.libris.ro/ebook-maigret-si-informatorul-georges-simenon-EPM978-973-46-2140-8--p11040003.html,6.13 Lei
eBook Maigret si martorii recalcitranti - Georges Simenon,www.libris.ro/ebook-maigret-si-martorii-recalcitranti-georges-EPM978-973-46-3140-7--p11040004.html,6.13 Lei
eBook Maigret si vagabondul - Georges Simenon,www.libris.ro/ebook-maigret-si-vagabondul-georges-simenon-EPM978-973-46-2266-5--p11040005.html,6.13 Lei
